reform,baseline,year,total_income_change
salt_0_cap_amt_repealed_behavioral_responses_no_other_tcja_provisions_extended_no_year_2035_vs_current_law,Current Law,2035,151127562495.34863
salt_0_cap_amt_repealed_behavioral_responses_no_other_tcja_provisions_extended_no_year_2035_vs_current_policy,Current Policy,2035,777386356762.4062
salt_0_cap_amt_repealed_behavioral_responses_no_other_tcja_provisions_extended_yes_year_2035_vs_current_law,Current Law,2035,-648798029611.8496
salt_0_cap_amt_repealed_behavioral_responses_no_other_tcja_provisions_extended_yes_year_2035_vs_current_policy,Current Policy,2035,-22539235344.791992
salt_0_cap_amt_pre_tcja_ex_pre_tcja_po_behavioral_responses_no_other_tcja_provisions_extended_no_year_2035_vs_current_law,Current Law,2035,166749444778.41797
salt_0_cap_amt_pre_tcja_ex_pre_tcja_po_behavioral_responses_no_other_tcja_provisions_extended_no_year_2035_vs_current_policy,Current Policy,2035,793008239045.4756
salt_0_cap_amt_pre_tcja_ex_pre_tcja_po_behavioral_responses_no_other_tcja_provisions_extended_yes_year_2035_vs_current_law,Current Law,2035,-621950545942.4414
salt_0_cap_amt_pre_tcja_ex_pre_tcja_po_behavioral_responses_no_other_tcja_provisions_extended_yes_year_2035_vs_current_policy,Current Policy,2035,4308248324.616211
salt_0_cap_amt_pre_tcja_ex_tcja_po_behavioral_responses_no_other_tcja_provisions_extended_no_year_2035_vs_current_law,Current Law,2035,171862227250.9707
salt_0_cap_amt_pre_tcja_ex_tcja_po_behavioral_responses_no_other_tcja_provisions_extended_no_year_2035_vs_current_policy,Current Policy,2035,798121021518.0283
salt_0_cap_amt_pre_tcja_ex_tcja_po_behavioral_responses_no_other_tcja_provisions_extended_yes_year_2035_vs_current_law,Current Law,2035,-524187017167.36426
salt_0_cap_amt_pre_tcja_ex_tcja_po_behavioral_responses_no_other_tcja_provisions_extended_yes_year_2035_vs_current_policy,Current Policy,2035,102071777099.69336
salt_0_cap_amt_tcja_ex_pre_tcja_po_behavioral_responses_no_other_tcja_provisions_extended_no_year_2035_vs_current_law,Current Law,2035,167445115431.69043
salt_0_cap_amt_tcja_ex_pre_tcja_po_behavioral_responses_no_other_tcja_provisions_extended_no_year_2035_vs_current_policy,Current Policy,2035,793703909698.748
salt_0_cap_amt_tcja_ex_pre_tcja_po_behavioral_responses_no_other_tcja_provisions_extended_yes_year_2035_vs_current_law,Current Law,2035,-608946850232.5098
salt_0_cap_amt_tcja_ex_pre_tcja_po_behavioral_responses_no_other_tcja_provisions_extended_yes_year_2035_vs_current_policy,Current Policy,2035,17311944034.54785
salt_0_cap_amt_tcja_both_behavioral_responses_no_other_tcja_provisions_extended_no_year_2035_vs_current_law,Current Law,2035,174952166895.84082
salt_0_cap_amt_tcja_both_behavioral_responses_no_other_tcja_provisions_extended_no_year_2035_vs_current_policy,Current Policy,2035,801210961162.8984
salt_0_cap_amt_tcja_both_behavioral_responses_no_other_tcja_provisions_extended_yes_year_2035_vs_current_law,Current Law,2035,-431821940354.9756
salt_0_cap_amt_tcja_both_behavioral_responses_no_other_tcja_provisions_extended_yes_year_2035_vs_current_policy,Current Policy,2035,194436853912.08203
salt_tcja_base_amt_repealed_behavioral_responses_no_other_tcja_provisions_extended_no_year_2035_vs_current_law,Current Law,2035,138984076555.62402
salt_tcja_base_amt_repealed_behavioral_responses_no_other_tcja_provisions_extended_no_year_2035_vs_current_policy,Current Policy,2035,765242870822.6816
salt_tcja_base_amt_repealed_behavioral_responses_no_other_tcja_provisions_extended_yes_year_2035_vs_current_law,Current Law,2035,-653245926594.8838
salt_tcja_base_amt_repealed_behavioral_responses_no_other_tcja_provisions_extended_yes_year_2035_vs_current_policy,Current Policy,2035,-26987132327.82617
salt_tcja_base_amt_pre_tcja_ex_pre_tcja_po_behavioral_responses_no_other_tcja_provisions_extended_no_year_2035_vs_current_law,Current Law,2035,155070245908.3877
salt_tcja_base_amt_pre_tcja_ex_pre_tcja_po_behavioral_responses_no_other_tcja_provisions_extended_no_year_2035_vs_current_policy,Current Policy,2035,781329040175.4453
salt_tcja_base_amt_pre_tcja_ex_pre_tcja_po_behavioral_responses_no_other_tcja_provisions_extended_yes_year_2035_vs_current_law,Current Law,2035,-626258798802.6807
salt_tcja_base_amt_pre_tcja_ex_pre_tcja_po_behavioral_responses_no_other_tcja_provisions_extended_yes_year_2035_vs_current_policy,Current Policy,2035,0
salt_tcja_base_amt_pre_tcja_ex_tcja_po_behavioral_responses_no_other_tcja_provisions_extended_no_year_2035_vs_current_law,Current Law,2035,160722253325.16797
salt_tcja_base_amt_pre_tcja_ex_tcja_po_behavioral_responses_no_other_tcja_provisions_extended_no_year_2035_vs_current_policy,Current Policy,2035,786981047592.2256
salt_tcja_base_amt_pre_tcja_ex_tcja_po_behavioral_responses_no_other_tcja_provisions_extended_yes_year_2035_vs_current_law,Current Law,2035,-528154841863.541
salt_tcja_base_amt_pre_tcja_ex_tcja_po_behavioral_responses_no_other_tcja_provisions_extended_yes_year_2035_vs_current_policy,Current Policy,2035,98103952403.5166
salt_tcja_base_amt_tcja_ex_pre_tcja_po_behavioral_responses_no_other_tcja_provisions_extended_no_year_2035_vs_current_law,Current Law,2035,155804120183.38672
salt_tcja_base_amt_tcja_ex_pre_tcja_po_behavioral_responses_no_other_tcja_provisions_extended_no_year_2035_vs_current_policy,Current Policy,2035,782062914450.4443
salt_tcja_base_amt_tcja_ex_pre_tcja_po_behavioral_responses_no_other_tcja_provisions_extended_yes_year_2035_vs_current_law,Current Law,2035,-613262329363.373
salt_tcja_base_amt_tcja_ex_pre_tcja_po_behavioral_responses_no_other_tcja_provisions_extended_yes_year_2035_vs_current_policy,Current Policy,2035,12996464903.68457
salt_tcja_base_amt_tcja_both_behavioral_responses_no_other_tcja_provisions_extended_no_year_2035_vs_current_law,Current Law,2035,163849353023.84277
salt_tcja_base_amt_tcja_both_behavioral_responses_no_other_tcja_provisions_extended_no_year_2035_vs_current_policy,Current Policy,2035,790108147290.9004
salt_tcja_base_amt_tcja_both_behavioral_responses_no_other_tcja_provisions_extended_yes_year_2035_vs_current_law,Current Law,2035,-435801749566.7549
salt_tcja_base_amt_tcja_both_behavioral_responses_no_other_tcja_provisions_extended_yes_year_2035_vs_current_policy,Current Policy,2035,190457044700.30273
salt_tcja_base_with_married_bonus_amt_repealed_behavioral_responses_no_other_tcja_provisions_extended_no_year_2035_vs_current_law,Current Law,2035,124817856465.02734
salt_tcja_base_with_married_bonus_amt_repealed_behavioral_responses_no_other_tcja_provisions_extended_no_year_2035_vs_current_policy,Current Policy,2035,751076650732.085
salt_tcja_base_with_married_bonus_amt_repealed_behavioral_responses_no_other_tcja_provisions_extended_yes_year_2035_vs_current_law,Current Law,2035,-656016537435.1631
salt_tcja_base_with_married_bonus_amt_repealed_behavioral_responses_no_other_tcja_provisions_extended_yes_year_2035_vs_current_policy,Current Policy,2035,-29757743168.10547
salt_tcja_base_with_married_bonus_amt_pre_tcja_ex_pre_tcja_po_behavioral_responses_no_other_tcja_provisions_extended_no_year_2035_vs_current_law,Current Law,2035,141204866639.6328
salt_tcja_base_with_married_bonus_amt_pre_tcja_ex_pre_tcja_po_behavioral_responses_no_other_tcja_provisions_extended_no_year_2035_vs_current_policy,Current Policy,2035,767463660906.6904
salt_tcja_base_with_married_bonus_amt_pre_tcja_ex_pre_tcja_po_behavioral_responses_no_other_tcja_provisions_extended_yes_year_2035_vs_current_law,Current Law,2035,-629104182004.7734
salt_tcja_base_with_married_bonus_amt_pre_tcja_ex_pre_tcja_po_behavioral_responses_no_other_tcja_provisions_extended_yes_year_2035_vs_current_policy,Current Policy,2035,-2845387737.7158203
salt_tcja_base_with_married_bonus_amt_pre_tcja_ex_tcja_po_behavioral_responses_no_other_tcja_provisions_extended_no_year_2035_vs_current_law,Current Law,2035,147015029575.4922
salt_tcja_base_with_married_bonus_amt_pre_tcja_ex_tcja_po_behavioral_responses_no_other_tcja_provisions_extended_no_year_2035_vs_current_policy,Current Policy,2035,773273823842.5498
salt_tcja_base_with_married_bonus_amt_pre_tcja_ex_tcja_po_behavioral_responses_no_other_tcja_provisions_extended_yes_year_2035_vs_current_law,Current Law,2035,-531184989823.77246
salt_tcja_base_with_married_bonus_amt_pre_tcja_ex_tcja_po_behavioral_responses_no_other_tcja_provisions_extended_yes_year_2035_vs_current_policy,Current Policy,2035,95073804443.28516
salt_tcja_base_with_married_bonus_amt_tcja_ex_pre_tcja_po_behavioral_responses_no_other_tcja_provisions_extended_no_year_2035_vs_current_law,Current Law,2035,141953696820.12695
salt_tcja_base_with_married_bonus_amt_tcja_ex_pre_tcja_po_behavioral_responses_no_other_tcja_provisions_extended_no_year_2035_vs_current_policy,Current Policy,2035,768212491087.1846
salt_tcja_base_with_married_bonus_amt_tcja_ex_pre_tcja_po_behavioral_responses_no_other_tcja_provisions_extended_yes_year_2035_vs_current_law,Current Law,2035,-616325170362.9785
salt_tcja_base_with_married_bonus_amt_tcja_ex_pre_tcja_po_behavioral_responses_no_other_tcja_provisions_extended_yes_year_2035_vs_current_policy,Current Policy,2035,9933623904.079102
salt_tcja_base_with_married_bonus_amt_tcja_both_behavioral_responses_no_other_tcja_provisions_extended_no_year_2035_vs_current_law,Current Law,2035,150148437481.78223
salt_tcja_base_with_married_bonus_amt_tcja_both_behavioral_responses_no_other_tcja_provisions_extended_no_year_2035_vs_current_policy,Current Policy,2035,776407231748.8398
salt_tcja_base_with_married_bonus_amt_tcja_both_behavioral_responses_no_other_tcja_provisions_extended_yes_year_2035_vs_current_law,Current Law,2035,-438880962064.09863
salt_tcja_base_with_married_bonus_amt_tcja_both_behavioral_responses_no_other_tcja_provisions_extended_yes_year_2035_vs_current_policy,Current Policy,2035,187377832202.95898
salt_tcja_base_with_phaseout_amt_repealed_behavioral_responses_no_other_tcja_provisions_extended_no_year_2035_vs_current_law,Current Law,2035,146226264177.6953
salt_tcja_base_with_phaseout_amt_repealed_behavioral_responses_no_other_tcja_provisions_extended_no_year_2035_vs_current_policy,Current Policy,2035,772485058444.7529
salt_tcja_base_with_phaseout_amt_repealed_behavioral_responses_no_other_tcja_provisions_extended_yes_year_2035_vs_current_law,Current Law,2035,-650055709783.9619
salt_tcja_base_with_phaseout_amt_repealed_behavioral_responses_no_other_tcja_provisions_extended_yes_year_2035_vs_current_policy,Current Policy,2035,-23796915516.904297
salt_tcja_base_with_phaseout_amt_pre_tcja_ex_pre_tcja_po_behavioral_responses_no_other_tcja_provisions_extended_no_year_2035_vs_current_law,Current Law,2035,161848146460.7627
salt_tcja_base_with_phaseout_amt_pre_tcja_ex_pre_tcja_po_behavioral_responses_no_other_tcja_provisions_extended_no_year_2035_vs_current_policy,Current Policy,2035,788106940727.8203
salt_tcja_base_with_phaseout_amt_pre_tcja_ex_pre_tcja_po_behavioral_responses_no_other_tcja_provisions_extended_yes_year_2035_vs_current_law,Current Law,2035,-623208226114.5537
salt_tcja_base_with_phaseout_amt_pre_tcja_ex_pre_tcja_po_behavioral_responses_no_other_tcja_provisions_extended_yes_year_2035_vs_current_policy,Current Policy,2035,3050568152.5039062
salt_tcja_base_with_phaseout_amt_pre_tcja_ex_tcja_po_behavioral_responses_no_other_tcja_provisions_extended_no_year_2035_vs_current_law,Current Law,2035,166960928933.31543
salt_tcja_base_with_phaseout_amt_pre_tcja_ex_tcja_po_behavioral_responses_no_other_tcja_provisions_extended_no_year_2035_vs_current_policy,Current Policy,2035,793219723200.373
salt_tcja_base_with_phaseout_amt_pre_tcja_ex_tcja_po_behavioral_responses_no_other_tcja_provisions_extended_yes_year_2035_vs_current_law,Current Law,2035,-525446282566.49316
salt_tcja_base_with_phaseout_amt_pre_tcja_ex_tcja_po_behavioral_responses_no_other_tcja_provisions_extended_yes_year_2035_vs_current_policy,Current Policy,2035,100812511700.56445
salt_tcja_base_with_phaseout_amt_tcja_ex_pre_tcja_po_behavioral_responses_no_other_tcja_provisions_extended_no_year_2035_vs_current_law,Current Law,2035,162543817114.0371
salt_tcja_base_with_phaseout_amt_tcja_ex_pre_tcja_po_behavioral_responses_no_other_tcja_provisions_extended_no_year_2035_vs_current_policy,Current Policy,2035,788802611381.0947
salt_tcja_base_with_phaseout_amt_tcja_ex_pre_tcja_po_behavioral_responses_no_other_tcja_provisions_extended_yes_year_2035_vs_current_law,Current Law,2035,-610205077899.1514
salt_tcja_base_with_phaseout_amt_tcja_ex_pre_tcja_po_behavioral_responses_no_other_tcja_provisions_extended_yes_year_2035_vs_current_policy,Current Policy,2035,16053716367.90625
salt_tcja_base_with_phaseout_amt_tcja_both_behavioral_responses_no_other_tcja_provisions_extended_no_year_2035_vs_current_law,Current Law,2035,170050868569.02148
salt_tcja_base_with_phaseout_amt_tcja_both_behavioral_responses_no_other_tcja_provisions_extended_no_year_2035_vs_current_policy,Current Policy,2035,796309662836.0791
salt_tcja_base_with_phaseout_amt_tcja_both_behavioral_responses_no_other_tcja_provisions_extended_yes_year_2035_vs_current_law,Current Law,2035,-433088229691.96875
salt_tcja_base_with_phaseout_amt_tcja_both_behavioral_responses_no_other_tcja_provisions_extended_yes_year_2035_vs_current_policy,Current Policy,2035,193170564575.08887
salt_15_30_k_with_phaseout_amt_repealed_behavioral_responses_no_other_tcja_provisions_extended_no_year_2035_vs_current_law,Current Law,2035,129032806330.1582
salt_15_30_k_with_phaseout_amt_repealed_behavioral_responses_no_other_tcja_provisions_extended_no_year_2035_vs_current_policy,Current Policy,2035,755291600597.2158
salt_15_30_k_with_phaseout_amt_repealed_behavioral_responses_no_other_tcja_provisions_extended_yes_year_2035_vs_current_law,Current Law,2035,-651002021072.1309
salt_15_30_k_with_phaseout_amt_repealed_behavioral_responses_no_other_tcja_provisions_extended_yes_year_2035_vs_current_policy,Current Policy,2035,-24743226805.073242
salt_15_30_k_with_phaseout_amt_pre_tcja_ex_pre_tcja_po_behavioral_responses_no_other_tcja_provisions_extended_no_year_2035_vs_current_law,Current Law,2035,144654688541.50977
salt_15_30_k_with_phaseout_amt_pre_tcja_ex_pre_tcja_po_behavioral_responses_no_other_tcja_provisions_extended_no_year_2035_vs_current_policy,Current Policy,2035,770913482808.5674
salt_15_30_k_with_phaseout_amt_pre_tcja_ex_pre_tcja_po_behavioral_responses_no_other_tcja_provisions_extended_yes_year_2035_vs_current_law,Current Law,2035,-624154537402.7217
salt_15_30_k_with_phaseout_amt_pre_tcja_ex_pre_tcja_po_behavioral_responses_no_other_tcja_provisions_extended_yes_year_2035_vs_current_policy,Current Policy,2035,2104256864.3359375
salt_15_30_k_with_phaseout_amt_pre_tcja_ex_tcja_po_behavioral_responses_no_other_tcja_provisions_extended_no_year_2035_vs_current_law,Current Law,2035,149767469556.1494
salt_15_30_k_with_phaseout_amt_pre_tcja_ex_tcja_po_behavioral_responses_no_other_tcja_provisions_extended_no_year_2035_vs_current_policy,Current Policy,2035,776026263823.207
salt_15_30_k_with_phaseout_amt_pre_tcja_ex_tcja_po_behavioral_responses_no_other_tcja_provisions_extended_yes_year_2035_vs_current_law,Current Law,2035,-526355284886.48535
salt_15_30_k_with_phaseout_amt_pre_tcja_ex_tcja_po_behavioral_responses_no_other_tcja_provisions_extended_yes_year_2035_vs_current_policy,Current Policy,2035,99903509380.57227
salt_15_30_k_with_phaseout_amt_tcja_ex_pre_tcja_po_behavioral_responses_no_other_tcja_provisions_extended_no_year_2035_vs_current_law,Current Law,2035,145350359194.7832
salt_15_30_k_with_phaseout_amt_tcja_ex_pre_tcja_po_behavioral_responses_no_other_tcja_provisions_extended_no_year_2035_vs_current_policy,Current Policy,2035,771609153461.8408
salt_15_30_k_with_phaseout_amt_tcja_ex_pre_tcja_po_behavioral_responses_no_other_tcja_provisions_extended_yes_year_2035_vs_current_law,Current Law,2035,-611152713412.4512
salt_15_30_k_with_phaseout_amt_tcja_ex_pre_tcja_po_behavioral_responses_no_other_tcja_provisions_extended_yes_year_2035_vs_current_policy,Current Policy,2035,15106080854.606445
salt_15_30_k_with_phaseout_amt_tcja_both_behavioral_responses_no_other_tcja_provisions_extended_no_year_2035_vs_current_law,Current Law,2035,152818171415.4629
salt_15_30_k_with_phaseout_amt_tcja_both_behavioral_responses_no_other_tcja_provisions_extended_no_year_2035_vs_current_policy,Current Policy,2035,779076965682.5205
salt_15_30_k_with_phaseout_amt_tcja_both_behavioral_responses_no_other_tcja_provisions_extended_yes_year_2035_vs_current_law,Current Law,2035,-435486362022.67285
salt_15_30_k_with_phaseout_amt_tcja_both_behavioral_responses_no_other_tcja_provisions_extended_yes_year_2035_vs_current_policy,Current Policy,2035,190772432244.38477
salt_15_30_k_without_phaseout_amt_repealed_behavioral_responses_no_other_tcja_provisions_extended_no_year_2035_vs_current_law,Current Law,2035,92028065309.75488
salt_15_30_k_without_phaseout_amt_repealed_behavioral_responses_no_other_tcja_provisions_extended_no_year_2035_vs_current_policy,Current Policy,2035,718286859576.8125
salt_15_30_k_without_phaseout_amt_repealed_behavioral_responses_no_other_tcja_provisions_extended_yes_year_2035_vs_current_law,Current Law,2035,-661499337030.0771
salt_15_30_k_without_phaseout_amt_repealed_behavioral_responses_no_other_tcja_provisions_extended_yes_year_2035_vs_current_policy,Current Policy,2035,-35240542763.01953
salt_15_30_k_without_phaseout_amt_pre_tcja_ex_pre_tcja_po_behavioral_responses_no_other_tcja_provisions_extended_no_year_2035_vs_current_law,Current Law,2035,108862334979.9336
salt_15_30_k_without_phaseout_amt_pre_tcja_ex_pre_tcja_po_behavioral_responses_no_other_tcja_provisions_extended_no_year_2035_vs_current_policy,Current Policy,2035,735121129246.9912
salt_15_30_k_without_phaseout_amt_pre_tcja_ex_pre_tcja_po_behavioral_responses_no_other_tcja_provisions_extended_yes_year_2035_vs_current_law,Current Law,2035,-634102385192.7021
salt_15_30_k_without_phaseout_amt_pre_tcja_ex_pre_tcja_po_behavioral_responses_no_other_tcja_provisions_extended_yes_year_2035_vs_current_policy,Current Policy,2035,-7843590925.644531
salt_15_30_k_without_phaseout_amt_pre_tcja_ex_tcja_po_behavioral_responses_no_other_tcja_provisions_extended_no_year_2035_vs_current_law,Current Law,2035,115327885324.90234
salt_15_30_k_without_phaseout_amt_pre_tcja_ex_tcja_po_behavioral_responses_no_other_tcja_provisions_extended_no_year_2035_vs_current_policy,Current Policy,2035,741586679591.96
salt_15_30_k_without_phaseout_amt_pre_tcja_ex_tcja_po_behavioral_responses_no_other_tcja_provisions_extended_yes_year_2035_vs_current_law,Current Law,2035,-537823160344.18066
salt_15_30_k_without_phaseout_amt_pre_tcja_ex_tcja_po_behavioral_responses_no_other_tcja_provisions_extended_yes_year_2035_vs_current_policy,Current Policy,2035,88435633922.87695
salt_15_30_k_without_phaseout_amt_tcja_ex_pre_tcja_po_behavioral_responses_no_other_tcja_provisions_extended_no_year_2035_vs_current_law,Current Law,2035,109623955775.2793
salt_15_30_k_without_phaseout_amt_tcja_ex_pre_tcja_po_behavioral_responses_no_other_tcja_provisions_extended_no_year_2035_vs_current_policy,Current Policy,2035,735882750042.3369
salt_15_30_k_without_phaseout_amt_tcja_ex_pre_tcja_po_behavioral_responses_no_other_tcja_provisions_extended_yes_year_2035_vs_current_law,Current Law,2035,-622309130220.5049
salt_15_30_k_without_phaseout_amt_tcja_ex_pre_tcja_po_behavioral_responses_no_other_tcja_provisions_extended_yes_year_2035_vs_current_policy,Current Policy,2035,3949664046.5527344
salt_15_30_k_without_phaseout_amt_tcja_both_behavioral_responses_no_other_tcja_provisions_extended_no_year_2035_vs_current_law,Current Law,2035,123574669208.3252
salt_15_30_k_without_phaseout_amt_tcja_both_behavioral_responses_no_other_tcja_provisions_extended_no_year_2035_vs_current_policy,Current Policy,2035,749833463475.3828
salt_15_30_k_without_phaseout_amt_tcja_both_behavioral_responses_no_other_tcja_provisions_extended_yes_year_2035_vs_current_law,Current Law,2035,-448054001761.8164
salt_15_30_k_without_phaseout_amt_tcja_both_behavioral_responses_no_other_tcja_provisions_extended_yes_year_2035_vs_current_policy,Current Policy,2035,178204792505.2412
salt_15_k_without_phaseout_amt_repealed_behavioral_responses_no_other_tcja_provisions_extended_no_year_2035_vs_current_law,Current Law,2035,126207455308.68262
salt_15_k_without_phaseout_amt_repealed_behavioral_responses_no_other_tcja_provisions_extended_no_year_2035_vs_current_policy,Current Policy,2035,752466249575.7402
salt_15_k_without_phaseout_amt_repealed_behavioral_responses_no_other_tcja_provisions_extended_yes_year_2035_vs_current_law,Current Law,2035,-655453385314.5947
salt_15_k_without_phaseout_amt_repealed_behavioral_responses_no_other_tcja_provisions_extended_yes_year_2035_vs_current_policy,Current Policy,2035,-29194591047.53711
salt_15_k_without_phaseout_amt_pre_tcja_ex_pre_tcja_po_behavioral_responses_no_other_tcja_provisions_extended_no_year_2035_vs_current_law,Current Law,2035,142523901632.4912
salt_15_k_without_phaseout_amt_pre_tcja_ex_pre_tcja_po_behavioral_responses_no_other_tcja_provisions_extended_no_year_2035_vs_current_policy,Current Policy,2035,768782695899.5488
salt_15_k_without_phaseout_amt_pre_tcja_ex_pre_tcja_po_behavioral_responses_no_other_tcja_provisions_extended_yes_year_2035_vs_current_law,Current Law,2035,-628648305021.9102
salt_15_k_without_phaseout_amt_pre_tcja_ex_pre_tcja_po_behavioral_responses_no_other_tcja_provisions_extended_yes_year_2035_vs_current_policy,Current Policy,2035,-2389510754.852539
salt_15_k_without_phaseout_amt_pre_tcja_ex_tcja_po_behavioral_responses_no_other_tcja_provisions_extended_no_year_2035_vs_current_law,Current Law,2035,148585540028.8662
salt_15_k_without_phaseout_amt_pre_tcja_ex_tcja_po_behavioral_responses_no_other_tcja_provisions_extended_no_year_2035_vs_current_policy,Current Policy,2035,774844334295.9238
salt_15_k_without_phaseout_amt_pre_tcja_ex_tcja_po_behavioral_responses_no_other_tcja_provisions_extended_yes_year_2035_vs_current_law,Current Law,2035,-530213942685.7637
salt_15_k_without_phaseout_amt_pre_tcja_ex_tcja_po_behavioral_responses_no_other_tcja_provisions_extended_yes_year_2035_vs_current_policy,Current Policy,2035,96044851581.29395
salt_15_k_without_phaseout_amt_tcja_ex_pre_tcja_po_behavioral_responses_no_other_tcja_provisions_extended_no_year_2035_vs_current_law,Current Law,2035,143275014284.14648
salt_15_k_without_phaseout_amt_tcja_ex_pre_tcja_po_behavioral_responses_no_other_tcja_provisions_extended_no_year_2035_vs_current_policy,Current Policy,2035,769533808551.2041
salt_15_k_without_phaseout_amt_tcja_ex_pre_tcja_po_behavioral_responses_no_other_tcja_provisions_extended_yes_year_2035_vs_current_law,Current Law,2035,-615698027880.1592
salt_15_k_without_phaseout_amt_tcja_ex_pre_tcja_po_behavioral_responses_no_other_tcja_provisions_extended_yes_year_2035_vs_current_policy,Current Policy,2035,10560766386.898438
salt_15_k_without_phaseout_amt_tcja_both_behavioral_responses_no_other_tcja_provisions_extended_no_year_2035_vs_current_law,Current Law,2035,151749388694.83203
salt_15_k_without_phaseout_amt_tcja_both_behavioral_responses_no_other_tcja_provisions_extended_no_year_2035_vs_current_policy,Current Policy,2035,778008182961.8896
salt_15_k_without_phaseout_amt_tcja_both_behavioral_responses_no_other_tcja_provisions_extended_yes_year_2035_vs_current_law,Current Law,2035,-439288140102.24316
salt_15_k_without_phaseout_amt_tcja_both_behavioral_responses_no_other_tcja_provisions_extended_yes_year_2035_vs_current_policy,Current Policy,2035,186970654164.81445
salt_15_k_with_phaseout_amt_repealed_behavioral_responses_no_other_tcja_provisions_extended_no_year_2035_vs_current_law,Current Law,2035,140642042816.9043
salt_15_k_with_phaseout_amt_repealed_behavioral_responses_no_other_tcja_provisions_extended_no_year_2035_vs_current_policy,Current Policy,2035,766900837083.9619
salt_15_k_with_phaseout_amt_repealed_behavioral_responses_no_other_tcja_provisions_extended_yes_year_2035_vs_current_law,Current Law,2035,-650300059262.4277
salt_15_k_with_phaseout_amt_repealed_behavioral_responses_no_other_tcja_provisions_extended_yes_year_2035_vs_current_policy,Current Policy,2035,-24041264995.370117
salt_15_k_with_phaseout_amt_pre_tcja_ex_pre_tcja_po_behavioral_responses_no_other_tcja_provisions_extended_no_year_2035_vs_current_law,Current Law,2035,156263925099.97168
salt_15_k_with_phaseout_amt_pre_tcja_ex_pre_tcja_po_behavioral_responses_no_other_tcja_provisions_extended_no_year_2035_vs_current_policy,Current Policy,2035,782522719367.0293
salt_15_k_with_phaseout_amt_pre_tcja_ex_pre_tcja_po_behavioral_responses_no_other_tcja_provisions_extended_yes_year_2035_vs_current_law,Current Law,2035,-623452575593.0205
salt_15_k_with_phaseout_amt_pre_tcja_ex_pre_tcja_po_behavioral_responses_no_other_tcja_provisions_extended_yes_year_2035_vs_current_policy,Current Policy,2035,2806218674.0371094
salt_15_k_with_phaseout_amt_pre_tcja_ex_tcja_po_behavioral_responses_no_other_tcja_provisions_extended_no_year_2035_vs_current_law,Current Law,2035,161376707572.5254
salt_15_k_with_phaseout_amt_pre_tcja_ex_tcja_po_behavioral_responses_no_other_tcja_provisions_extended_no_year_2035_vs_current_policy,Current Policy,2035,787635501839.583
salt_15_k_with_phaseout_amt_pre_tcja_ex_tcja_po_behavioral_responses_no_other_tcja_provisions_extended_yes_year_2035_vs_current_law,Current Law,2035,-525690892948.0615
salt_15_k_with_phaseout_amt_pre_tcja_ex_tcja_po_behavioral_responses_no_other_tcja_provisions_extended_yes_year_2035_vs_current_policy,Current Policy,2035,100567901318.9961
salt_15_k_with_phaseout_amt_tcja_ex_pre_tcja_po_behavioral_responses_no_other_tcja_provisions_extended_no_year_2035_vs_current_law,Current Law,2035,156959595753.2461
salt_15_k_with_phaseout_amt_tcja_ex_pre_tcja_po_behavioral_responses_no_other_tcja_provisions_extended_no_year_2035_vs_current_policy,Current Policy,2035,783218390020.3037
salt_15_k_with_phaseout_amt_tcja_ex_pre_tcja_po_behavioral_responses_no_other_tcja_provisions_extended_yes_year_2035_vs_current_law,Current Law,2035,-610449491042.4551
salt_15_k_with_phaseout_amt_tcja_ex_pre_tcja_po_behavioral_responses_no_other_tcja_provisions_extended_yes_year_2035_vs_current_policy,Current Policy,2035,15809303224.60254
salt_15_k_with_phaseout_amt_tcja_both_behavioral_responses_no_other_tcja_provisions_extended_no_year_2035_vs_current_law,Current Law,2035,164466646979.1416
salt_15_k_with_phaseout_amt_tcja_both_behavioral_responses_no_other_tcja_provisions_extended_no_year_2035_vs_current_policy,Current Policy,2035,790725441246.1992
salt_15_k_with_phaseout_amt_tcja_both_behavioral_responses_no_other_tcja_provisions_extended_yes_year_2035_vs_current_law,Current Law,2035,-433392286651.20215
salt_15_k_with_phaseout_amt_tcja_both_behavioral_responses_no_other_tcja_provisions_extended_yes_year_2035_vs_current_policy,Current Policy,2035,192866507615.85547
salt_tcja_married_bonus_and_phase_out_amt_repealed_behavioral_responses_no_other_tcja_provisions_extended_no_year_2035_vs_current_law,Current Law,2035,141475470576.45898
salt_tcja_married_bonus_and_phase_out_amt_repealed_behavioral_responses_no_other_tcja_provisions_extended_no_year_2035_vs_current_policy,Current Policy,2035,767734264843.5166
salt_tcja_married_bonus_and_phase_out_amt_repealed_behavioral_responses_no_other_tcja_provisions_extended_yes_year_2035_vs_current_law,Current Law,2035,-650408932784.1113
salt_tcja_married_bonus_and_phase_out_amt_repealed_behavioral_responses_no_other_tcja_provisions_extended_yes_year_2035_vs_current_policy,Current Policy,2035,-24150138517.05371
salt_tcja_married_bonus_and_phase_out_amt_pre_tcja_ex_pre_tcja_po_behavioral_responses_no_other_tcja_provisions_extended_no_year_2035_vs_current_law,Current Law,2035,157097352859.52637
salt_tcja_married_bonus_and_phase_out_amt_pre_tcja_ex_pre_tcja_po_behavioral_responses_no_other_tcja_provisions_extended_no_year_2035_vs_current_policy,Current Policy,2035,783356147126.584
salt_tcja_married_bonus_and_phase_out_amt_pre_tcja_ex_pre_tcja_po_behavioral_responses_no_other_tcja_provisions_extended_yes_year_2035_vs_current_law,Current Law,2035,-623561449114.7031
salt_tcja_married_bonus_and_phase_out_amt_pre_tcja_ex_pre_tcja_po_behavioral_responses_no_other_tcja_provisions_extended_yes_year_2035_vs_current_policy,Current Policy,2035,2697345152.354492
salt_tcja_married_bonus_and_phase_out_amt_pre_tcja_ex_tcja_po_behavioral_responses_no_other_tcja_provisions_extended_no_year_2035_vs_current_law,Current Law,2035,162210135332.0791
salt_tcja_married_bonus_and_phase_out_amt_pre_tcja_ex_tcja_po_behavioral_responses_no_other_tcja_provisions_extended_no_year_2035_vs_current_policy,Current Policy,2035,788468929599.1367
salt_tcja_married_bonus_and_phase_out_amt_pre_tcja_ex_tcja_po_behavioral_responses_no_other_tcja_provisions_extended_yes_year_2035_vs_current_law,Current Law,2035,-525801172119.8369
salt_tcja_married_bonus_and_phase_out_amt_pre_tcja_ex_tcja_po_behavioral_responses_no_other_tcja_provisions_extended_yes_year_2035_vs_current_policy,Current Policy,2035,100457622147.2207
salt_tcja_married_bonus_and_phase_out_amt_tcja_ex_pre_tcja_po_behavioral_responses_no_other_tcja_provisions_extended_no_year_2035_vs_current_law,Current Law,2035,157793023512.7998
salt_tcja_married_bonus_and_phase_out_amt_tcja_ex_pre_tcja_po_behavioral_responses_no_other_tcja_provisions_extended_no_year_2035_vs_current_policy,Current Policy,2035,784051817779.8574
salt_tcja_married_bonus_and_phase_out_amt_tcja_ex_pre_tcja_po_behavioral_responses_no_other_tcja_provisions_extended_yes_year_2035_vs_current_law,Current Law,2035,-610558726755.1514
salt_tcja_married_bonus_and_phase_out_amt_tcja_ex_pre_tcja_po_behavioral_responses_no_other_tcja_provisions_extended_yes_year_2035_vs_current_policy,Current Policy,2035,15700067511.90625
salt_tcja_married_bonus_and_phase_out_amt_tcja_both_behavioral_responses_no_other_tcja_provisions_extended_no_year_2035_vs_current_law,Current Law,2035,165300051073.58203
salt_tcja_married_bonus_and_phase_out_amt_tcja_both_behavioral_responses_no_other_tcja_provisions_extended_no_year_2035_vs_current_policy,Current Policy,2035,791558845340.6396
salt_tcja_married_bonus_and_phase_out_amt_tcja_both_behavioral_responses_no_other_tcja_provisions_extended_yes_year_2035_vs_current_law,Current Law,2035,-433502676849.3037
salt_tcja_married_bonus_and_phase_out_amt_tcja_both_behavioral_responses_no_other_tcja_provisions_extended_yes_year_2035_vs_current_policy,Current Policy,2035,192756117417.7539
salt_uncapped_amt_repealed_behavioral_responses_no_other_tcja_provisions_extended_no_year_2035_vs_current_law,Current Law,2035,-79388699855.9336
salt_uncapped_amt_repealed_behavioral_responses_no_other_tcja_provisions_extended_no_year_2035_vs_current_policy,Current Policy,2035,546870094411.124
salt_uncapped_amt_repealed_behavioral_responses_no_other_tcja_provisions_extended_yes_year_2035_vs_current_law,Current Law,2035,-807871985410.5776
salt_uncapped_amt_repealed_behavioral_responses_no_other_tcja_provisions_extended_yes_year_2035_vs_current_policy,Current Policy,2035,-181613191143.52002
salt_uncapped_amt_pre_tcja_ex_pre_tcja_po_behavioral_responses_no_other_tcja_provisions_extended_no_year_2035_vs_current_law,Current Law,2035,-45536930145.83008
salt_uncapped_amt_pre_tcja_ex_pre_tcja_po_behavioral_responses_no_other_tcja_provisions_extended_no_year_2035_vs_current_policy,Current Policy,2035,580721864121.2275
salt_uncapped_amt_pre_tcja_ex_pre_tcja_po_behavioral_responses_no_other_tcja_provisions_extended_yes_year_2035_vs_current_law,Current Law,2035,-754751684683.5034
salt_uncapped_amt_pre_tcja_ex_pre_tcja_po_behavioral_responses_no_other_tcja_provisions_extended_yes_year_2035_vs_current_policy,Current Policy,2035,-128492890416.4458
salt_uncapped_amt_pre_tcja_ex_tcja_po_behavioral_responses_no_other_tcja_provisions_extended_no_year_2035_vs_current_law,Current Law,2035,-28555565703.078125
salt_uncapped_amt_pre_tcja_ex_tcja_po_behavioral_responses_no_other_tcja_provisions_extended_no_year_2035_vs_current_policy,Current Policy,2035,597703228563.9795
salt_uncapped_amt_pre_tcja_ex_tcja_po_behavioral_responses_no_other_tcja_provisions_extended_yes_year_2035_vs_current_law,Current Law,2035,-631326361234.4502
salt_uncapped_amt_pre_tcja_ex_tcja_po_behavioral_responses_no_other_tcja_provisions_extended_yes_year_2035_vs_current_policy,Current Policy,2035,-5067566967.392578
salt_uncapped_amt_tcja_ex_pre_tcja_po_behavioral_responses_no_other_tcja_provisions_extended_no_year_2035_vs_current_law,Current Law,2035,-44239764918.762695
salt_uncapped_amt_tcja_ex_pre_tcja_po_behavioral_responses_no_other_tcja_provisions_extended_no_year_2035_vs_current_policy,Current Policy,2035,582019029348.2949
salt_uncapped_amt_tcja_ex_pre_tcja_po_behavioral_responses_no_other_tcja_provisions_extended_yes_year_2035_vs_current_law,Current Law,2035,-731032768960.792
salt_uncapped_amt_tcja_ex_pre_tcja_po_behavioral_responses_no_other_tcja_provisions_extended_yes_year_2035_vs_current_policy,Current Policy,2035,-104773974693.73438
salt_uncapped_amt_tcja_both_behavioral_responses_no_other_tcja_provisions_extended_no_year_2035_vs_current_law,Current Law,2035,0
salt_uncapped_amt_tcja_both_behavioral_responses_no_other_tcja_provisions_extended_no_year_2035_vs_current_policy,Current Policy,2035,623379172429.8848
salt_uncapped_amt_tcja_both_behavioral_responses_no_other_tcja_provisions_extended_yes_year_2035_vs_current_law,Current Law,2035,-537640687134.33984
salt_uncapped_amt_tcja_both_behavioral_responses_no_other_tcja_provisions_extended_yes_year_2035_vs_current_policy,Current Policy,2035,88618107132.71777
salt_uncapped_with_phaseout_amt_repealed_behavioral_responses_no_other_tcja_provisions_extended_no_year_2035_vs_current_law,Current Law,2035,89401931103.28027
salt_uncapped_with_phaseout_amt_repealed_behavioral_responses_no_other_tcja_provisions_extended_no_year_2035_vs_current_policy,Current Policy,2035,715660725370.3379
salt_uncapped_with_phaseout_amt_repealed_behavioral_responses_no_other_tcja_provisions_extended_yes_year_2035_vs_current_law,Current Law,2035,-670592934383.2266
salt_uncapped_with_phaseout_amt_repealed_behavioral_responses_no_other_tcja_provisions_extended_yes_year_2035_vs_current_policy,Current Policy,2035,-44334140116.168945
salt_uncapped_with_phaseout_amt_pre_tcja_ex_pre_tcja_po_behavioral_responses_no_other_tcja_provisions_extended_no_year_2035_vs_current_law,Current Law,2035,105551618081.03223
salt_uncapped_with_phaseout_amt_pre_tcja_ex_pre_tcja_po_behavioral_responses_no_other_tcja_provisions_extended_no_year_2035_vs_current_policy,Current Policy,2035,731810412348.0898
salt_uncapped_with_phaseout_amt_pre_tcja_ex_pre_tcja_po_behavioral_responses_no_other_tcja_provisions_extended_yes_year_2035_vs_current_law,Current Law,2035,-643134848691.0586
salt_uncapped_with_phaseout_amt_pre_tcja_ex_pre_tcja_po_behavioral_responses_no_other_tcja_provisions_extended_yes_year_2035_vs_current_policy,Current Policy,2035,-16876054424.000977
salt_uncapped_with_phaseout_amt_pre_tcja_ex_tcja_po_behavioral_responses_no_other_tcja_provisions_extended_no_year_2035_vs_current_law,Current Law,2035,111486670646.39062
salt_uncapped_with_phaseout_amt_pre_tcja_ex_tcja_po_behavioral_responses_no_other_tcja_provisions_extended_no_year_2035_vs_current_policy,Current Policy,2035,737745464913.4482
salt_uncapped_with_phaseout_amt_pre_tcja_ex_tcja_po_behavioral_responses_no_other_tcja_provisions_extended_yes_year_2035_vs_current_law,Current Law,2035,-542216680139.54297
salt_uncapped_with_phaseout_amt_pre_tcja_ex_tcja_po_behavioral_responses_no_other_tcja_provisions_extended_yes_year_2035_vs_current_policy,Current Policy,2035,84042114127.51465
salt_uncapped_with_phaseout_amt_tcja_ex_pre_tcja_po_behavioral_responses_no_other_tcja_provisions_extended_no_year_2035_vs_current_law,Current Law,2035,106400156398.73926
salt_uncapped_with_phaseout_amt_tcja_ex_pre_tcja_po_behavioral_responses_no_other_tcja_provisions_extended_no_year_2035_vs_current_policy,Current Policy,2035,732658950665.7969
salt_uncapped_with_phaseout_amt_tcja_ex_pre_tcja_po_behavioral_responses_no_other_tcja_provisions_extended_yes_year_2035_vs_current_law,Current Law,2035,-627756488423.2285
salt_uncapped_with_phaseout_amt_tcja_ex_pre_tcja_po_behavioral_responses_no_other_tcja_provisions_extended_yes_year_2035_vs_current_policy,Current Policy,2035,-1497694156.1708984
salt_uncapped_with_phaseout_amt_tcja_both_behavioral_responses_no_other_tcja_provisions_extended_no_year_2035_vs_current_law,Current Law,2035,122819459538.98828
salt_uncapped_with_phaseout_amt_tcja_both_behavioral_responses_no_other_tcja_provisions_extended_no_year_2035_vs_current_policy,Current Policy,2035,749078253806.0459
salt_uncapped_with_phaseout_amt_tcja_both_behavioral_responses_no_other_tcja_provisions_extended_yes_year_2035_vs_current_law,Current Law,2035,-448718942362.4375
salt_uncapped_with_phaseout_amt_tcja_both_behavioral_responses_no_other_tcja_provisions_extended_yes_year_2035_vs_current_policy,Current Policy,2035,177539851904.62012
salt_0_cap_amt_repealed_behavioral_responses_yes_other_tcja_provisions_extended_no_vs_current_law_year_2035,Current Law,2035,134509064350.14412
salt_0_cap_amt_repealed_behavioral_responses_yes_other_tcja_provisions_extended_no_year_2035_vs_current_law,Current Law,2035,134509064350.14412
salt_0_cap_amt_repealed_behavioral_responses_yes_other_tcja_provisions_extended_no_year_2035_vs_current_policy,Current Policy,2035,759799784559.694
salt_0_cap_amt_repealed_behavioral_responses_yes_other_tcja_provisions_extended_yes_year_2035_vs_current_law,Current Law,2035,-632842711829.9286
salt_0_cap_amt_repealed_behavioral_responses_yes_other_tcja_provisions_extended_yes_year_2035_vs_current_policy,Current Policy,2035,-12606507363.524649
salt_0_cap_amt_pre_tcja_ex_pre_tcja_po_behavioral_responses_yes_other_tcja_provisions_extended_no_year_2035_vs_current_law,Current Law,2035,152273514835.51312
salt_0_cap_amt_pre_tcja_ex_pre_tcja_po_behavioral_responses_yes_other_tcja_provisions_extended_no_year_2035_vs_current_policy,Current Policy,2035,777113708312.1958
salt_0_cap_amt_pre_tcja_ex_pre_tcja_po_behavioral_responses_yes_other_tcja_provisions_extended_yes_year_2035_vs_current_law,Current Law,2035,-604673464346.2274
salt_0_cap_amt_pre_tcja_ex_pre_tcja_po_behavioral_responses_yes_other_tcja_provisions_extended_yes_year_2035_vs_current_policy,Current Policy,2035,7852859804120018.0
salt_0_cap_amt_pre_tcja_ex_tcja_po_behavioral_responses_yes_other_tcja_provisions_extended_no_year_2035_vs_current_law,Current Law,2035,157219806945.2986
salt_0_cap_amt_pre_tcja_ex_tcja_po_behavioral_responses_yes_other_tcja_provisions_extended_no_year_2035_vs_current_policy,Current Policy,2035,782055145668.6312
salt_0_cap_amt_pre_tcja_ex_tcja_po_behavioral_responses_yes_other_tcja_provisions_extended_yes_year_2035_vs_current_law,Current Law,2035,-524153456761.5451
salt_0_cap_amt_pre_tcja_ex_tcja_po_behavioral_responses_yes_other_tcja_provisions_extended_yes_year_2035_vs_current_policy,Current Policy,2035,100102918597.4405
salt_0_cap_amt_tcja_ex_pre_tcja_po_behavioral_responses_yes_other_tcja_provisions_extended_no_year_2035_vs_current_law,Current Law,2035,153028251215.39075
salt_0_cap_amt_tcja_ex_pre_tcja_po_behavioral_responses_yes_other_tcja_provisions_extended_no_year_2035_vs_current_policy,Current Policy,2035,777859294776.1243
salt_0_cap_amt_tcja_ex_pre_tcja_po_behavioral_responses_yes_other_tcja_provisions_extended_yes_year_2035_vs_current_law,Current Law,2035,-591612909593.882
salt_0_cap_amt_tcja_ex_pre_tcja_po_behavioral_responses_yes_other_tcja_provisions_extended_yes_year_2035_vs_current_policy,Current Policy,2035,37960432936.562614
salt_0_cap_amt_tcja_both_behavioral_responses_yes_other_tcja_provisions_extended_no_year_2035_vs_current_law,Current Law,2035,157759228144.96466
salt_0_cap_amt_tcja_both_behavioral_responses_yes_other_tcja_provisions_extended_no_year_2035_vs_current_policy,Current Policy,2035,781876644197.24
salt_0_cap_amt_tcja_both_behavioral_responses_yes_other_tcja_provisions_extended_yes_year_2035_vs_current_law,Current Law,2035,-439164750008.31604
salt_0_cap_amt_tcja_both_behavioral_responses_yes_other_tcja_provisions_extended_yes_year_2035_vs_current_policy,Current Policy,2035,184635620295.49332
salt_tcja_base_amt_repealed_behavioral_responses_yes_other_tcja_provisions_extended_no_year_2035_vs_current_law,Current Law,2035,121535528802.81764
salt_tcja_base_amt_repealed_behavioral_responses_yes_other_tcja_provisions_extended_no_year_2035_vs_current_policy,Current Policy,2035,747504070068.3474
salt_tcja_base_amt_repealed_behavioral_responses_yes_other_tcja_provisions_extended_yes_year_2035_vs_current_law,Current Law,2035,-636765764033.3513
salt_tcja_base_amt_repealed_behavioral_responses_yes_other_tcja_provisions_extended_yes_year_2035_vs_current_policy,Current Policy,2035,-14898265126.104282
salt_tcja_base_amt_pre_tcja_ex_pre_tcja_po_behavioral_responses_yes_other_tcja_provisions_extended_no_year_2035_vs_current_law,Current Law,2035,140056079901.0142
salt_tcja_base_amt_pre_tcja_ex_pre_tcja_po_behavioral_responses_yes_other_tcja_provisions_extended_no_year_2035_vs_current_policy,Current Policy,2035,765326995608.0192
salt_tcja_base_amt_pre_tcja_ex_pre_tcja_po_behavioral_responses_yes_other_tcja_provisions_extended_yes_year_2035_vs_current_law,Current Law,2035,-608494063144.4895
salt_tcja_base_amt_pre_tcja_ex_pre_tcja_po_behavioral_responses_yes_other_tcja_provisions_extended_yes_year_2035_vs_current_policy,Current Policy,2035,0
salt_tcja_base_amt_pre_tcja_ex_tcja_po_behavioral_responses_yes_other_tcja_provisions_extended_no_year_2035_vs_current_law,Current Law,2035,145583468277.58432
salt_tcja_base_amt_pre_tcja_ex_tcja_po_behavioral_responses_yes_other_tcja_provisions_extended_no_year_2035_vs_current_policy,Current Policy,2035,770801652757.8899
salt_tcja_base_amt_pre_tcja_ex_tcja_po_behavioral_responses_yes_other_tcja_provisions_extended_yes_year_2035_vs_current_law,Current Law,2035,-527708162510.1237
salt_tcja_base_amt_pre_tcja_ex_tcja_po_behavioral_responses_yes_other_tcja_provisions_extended_yes_year_2035_vs_current_policy,Current Policy,2035,96652089650.13531
salt_tcja_base_amt_tcja_ex_pre_tcja_po_behavioral_responses_yes_other_tcja_provisions_extended_no_year_2035_vs_current_law,Current Law,2035,140859823860.99942
salt_tcja_base_amt_tcja_ex_pre_tcja_po_behavioral_responses_yes_other_tcja_provisions_extended_no_year_2035_vs_current_policy,Current Policy,2035,766101840100.4124
salt_tcja_base_amt_tcja_ex_pre_tcja_po_behavioral_responses_yes_other_tcja_provisions_extended_yes_year_2035_vs_current_law,Current Law,2035,-595437761317.462
salt_tcja_base_amt_tcja_ex_pre_tcja_po_behavioral_responses_yes_other_tcja_provisions_extended_yes_year_2035_vs_current_policy,Current Policy,2035,29344785818.02658
salt_tcja_base_amt_tcja_both_behavioral_responses_yes_other_tcja_provisions_extended_no_year_2035_vs_current_law,Current Law,2035,147330050279.32864
salt_tcja_base_amt_tcja_both_behavioral_responses_yes_other_tcja_provisions_extended_no_year_2035_vs_current_policy,Current Policy,2035,771945241828.16
salt_tcja_base_amt_tcja_both_behavioral_responses_yes_other_tcja_provisions_extended_yes_year_2035_vs_current_law,Current Law,2035,-442806817698.8198
salt_tcja_base_amt_tcja_both_behavioral_responses_yes_other_tcja_provisions_extended_yes_year_2035_vs_current_policy,Current Policy,2035,181253055984.1075
salt_tcja_base_with_married_bonus_amt_repealed_behavioral_responses_yes_other_tcja_provisions_extended_no_year_2035_vs_current_law,Current Law,2035,106281052822.75024
salt_tcja_base_with_married_bonus_amt_repealed_behavioral_responses_yes_other_tcja_provisions_extended_no_year_2035_vs_current_policy,Current Policy,2035,733736007720.6527
salt_tcja_base_with_married_bonus_amt_repealed_behavioral_responses_yes_other_tcja_provisions_extended_yes_year_2035_vs_current_law,Current Law,2035,-639466477588.1158
salt_tcja_base_with_married_bonus_amt_repealed_behavioral_responses_yes_other_tcja_provisions_extended_yes_year_2035_vs_current_policy,Current Policy,2035,-16427782762.818092
salt_tcja_base_with_married_bonus_amt_pre_tcja_ex_pre_tcja_po_behavioral_responses_yes_other_tcja_provisions_extended_no_year_2035_vs_current_law,Current Law,2035,125696248841.18297
salt_tcja_base_with_married_bonus_amt_pre_tcja_ex_pre_tcja_po_behavioral_responses_yes_other_tcja_provisions_extended_no_year_2035_vs_current_policy,Current Policy,2035,751901108495.7394
salt_tcja_base_with_married_bonus_amt_pre_tcja_ex_pre_tcja_po_behavioral_responses_yes_other_tcja_provisions_extended_yes_year_2035_vs_current_law,Current Law,2035,-611258732940.9933
salt_tcja_base_with_married_bonus_amt_pre_tcja_ex_pre_tcja_po_behavioral_responses_yes_other_tcja_provisions_extended_yes_year_2035_vs_current_policy,Current Policy,2035,117152581146.67531
salt_tcja_base_with_married_bonus_amt_pre_tcja_ex_tcja_po_behavioral_responses_yes_other_tcja_provisions_extended_no_year_2035_vs_current_law,Current Law,2035,131292484870.99812
salt_tcja_base_with_married_bonus_amt_pre_tcja_ex_tcja_po_behavioral_responses_yes_other_tcja_provisions_extended_no_year_2035_vs_current_policy,Current Policy,2035,757395322416.5071
salt_tcja_base_with_married_bonus_amt_pre_tcja_ex_tcja_po_behavioral_responses_yes_other_tcja_provisions_extended_yes_year_2035_vs_current_law,Current Law,2035,-530735747766.34424
salt_tcja_base_with_married_bonus_amt_pre_tcja_ex_tcja_po_behavioral_responses_yes_other_tcja_provisions_extended_yes_year_2035_vs_current_policy,Current Policy,2035,93666785540.25761
salt_tcja_base_with_married_bonus_amt_tcja_ex_pre_tcja_po_behavioral_responses_yes_other_tcja_provisions_extended_no_year_2035_vs_current_law,Current Law,2035,126520716349.10216
salt_tcja_base_with_married_bonus_amt_tcja_ex_pre_tcja_po_behavioral_responses_yes_other_tcja_provisions_extended_no_year_2035_vs_current_policy,Current Policy,2035,752682876956.4163
salt_tcja_base_with_married_bonus_amt_tcja_ex_pre_tcja_po_behavioral_responses_yes_other_tcja_provisions_extended_yes_year_2035_vs_current_law,Current Law,2035,-598411580351.7562
salt_tcja_base_with_married_bonus_amt_tcja_ex_pre_tcja_po_behavioral_responses_yes_other_tcja_provisions_extended_yes_year_2035_vs_current_policy,Current Policy,2035,22429181167.517975
salt_tcja_base_with_married_bonus_amt_tcja_both_behavioral_responses_yes_other_tcja_provisions_extended_no_year_2035_vs_current_law,Current Law,2035,131253938651.73763
salt_tcja_base_with_married_bonus_amt_tcja_both_behavioral_responses_yes_other_tcja_provisions_extended_no_year_2035_vs_current_policy,Current Policy,2035,756268798024.3912
salt_tcja_base_with_married_bonus_amt_tcja_both_behavioral_responses_yes_other_tcja_provisions_extended_yes_year_2035_vs_current_law,Current Law,2035,-445935525392.9094
salt_tcja_base_with_married_bonus_amt_tcja_both_behavioral_responses_yes_other_tcja_provisions_extended_yes_year_2035_vs_current_policy,Current Policy,2035,178322648888.65848
salt_tcja_base_with_phaseout_amt_repealed_behavioral_responses_yes_other_tcja_provisions_extended_no_year_2035_vs_current_law,Current Law,2035,128339678588.77054
salt_tcja_base_with_phaseout_amt_repealed_behavioral_responses_yes_other_tcja_provisions_extended_no_year_2035_vs_current_policy,Current Policy,2035,754109412735.8615
salt_tcja_base_with_phaseout_amt_repealed_behavioral_responses_yes_other_tcja_provisions_extended_yes_year_2035_vs_current_law,Current Law,2035,-633407597568.7372
salt_tcja_base_with_phaseout_amt_repealed_behavioral_responses_yes_other_tcja_provisions_extended_yes_year_2035_vs_current_policy,Current Policy,2035,-11468318727.60447
salt_tcja_base_with_phaseout_amt_pre_tcja_ex_pre_tcja_po_behavioral_responses_yes_other_tcja_provisions_extended_no_year_2035_vs_current_law,Current Law,2035,146266489233.1456
salt_tcja_base_with_phaseout_amt_pre_tcja_ex_pre_tcja_po_behavioral_responses_yes_other_tcja_provisions_extended_no_year_2035_vs_current_policy,Current Policy,2035,771438442050.951
salt_tcja_base_with_phaseout_amt_pre_tcja_ex_pre_tcja_po_behavioral_responses_yes_other_tcja_provisions_extended_yes_year_2035_vs_current_law,Current Law,2035,-605261850588.7269
salt_tcja_base_with_phaseout_amt_pre_tcja_ex_pre_tcja_po_behavioral_responses_yes_other_tcja_provisions_extended_yes_year_2035_vs_current_policy,Current Policy,2035,17397898260.86881
salt_tcja_base_with_phaseout_amt_pre_tcja_ex_tcja_po_behavioral_responses_yes_other_tcja_provisions_extended_no_year_2035_vs_current_law,Current Law,2035,151222056773.49005
salt_tcja_base_with_phaseout_amt_pre_tcja_ex_tcja_po_behavioral_responses_yes_other_tcja_provisions_extended_no_year_2035_vs_current_policy,Current Policy,2035,776379657270.375
salt_tcja_base_with_phaseout_amt_pre_tcja_ex_tcja_po_behavioral_responses_yes_other_tcja_provisions_extended_yes_year_2035_vs_current_law,Current Law,2035,-524836573074.01935
salt_tcja_base_with_phaseout_amt_pre_tcja_ex_tcja_po_behavioral_responses_yes_other_tcja_provisions_extended_yes_year_2035_vs_current_policy,Current Policy,2035,99568797805.52272
salt_tcja_base_with_phaseout_amt_tcja_ex_pre_tcja_po_behavioral_responses_yes_other_tcja_provisions_extended_no_year_2035_vs_current_law,Current Law,2035,147025607927.19922
salt_tcja_base_with_phaseout_amt_tcja_ex_pre_tcja_po_behavioral_responses_yes_other_tcja_provisions_extended_no_year_2035_vs_current_policy,Current Policy,2035,772184505573.2954
salt_tcja_base_with_phaseout_amt_tcja_ex_pre_tcja_po_behavioral_responses_yes_other_tcja_provisions_extended_yes_year_2035_vs_current_law,Current Law,2035,-592170387548.534
salt_tcja_base_with_phaseout_amt_tcja_ex_pre_tcja_po_behavioral_responses_yes_other_tcja_provisions_extended_yes_year_2035_vs_current_policy,Current Policy,2035,31708719496.29251
salt_tcja_base_with_phaseout_amt_tcja_both_behavioral_responses_yes_other_tcja_provisions_extended_no_year_2035_vs_current_law,Current Law,2035,152011662450.52933
salt_tcja_base_with_phaseout_amt_tcja_both_behavioral_responses_yes_other_tcja_provisions_extended_no_year_2035_vs_current_policy,Current Policy,2035,776409944104.4136
salt_tcja_base_with_phaseout_amt_tcja_both_behavioral_responses_yes_other_tcja_provisions_extended_yes_year_2035_vs_current_law,Current Law,2035,-439969138260.20044
salt_tcja_base_with_phaseout_amt_tcja_both_behavioral_responses_yes_other_tcja_provisions_extended_yes_year_2035_vs_current_policy,Current Policy,2035,184229325479.62646
salt_15_30_k_with_phaseout_amt_repealed_behavioral_responses_yes_other_tcja_provisions_extended_no_year_2035_vs_current_law,Current Law,2035,104658850558.49077
salt_15_30_k_with_phaseout_amt_repealed_behavioral_responses_yes_other_tcja_provisions_extended_no_year_2035_vs_current_policy,Current Policy,2035,733397222451.5894
salt_15_30_k_with_phaseout_amt_repealed_behavioral_responses_yes_other_tcja_provisions_extended_yes_year_2035_vs_current_law,Current Law,2035,-634499108692.3378
salt_15_30_k_with_phaseout_amt_repealed_behavioral_responses_yes_other_tcja_provisions_extended_yes_year_2035_vs_current_policy,Current Policy,2035,-11996984835.080034
salt_15_30_k_with_phaseout_amt_pre_tcja_ex_pre_tcja_po_behavioral_responses_yes_other_tcja_provisions_extended_no_year_2035_vs_current_law,Current Law,2035,123585583479.0534
salt_15_30_k_with_phaseout_amt_pre_tcja_ex_pre_tcja_po_behavioral_responses_yes_other_tcja_provisions_extended_no_year_2035_vs_current_policy,Current Policy,2035,750786654068.4397
salt_15_30_k_with_phaseout_amt_pre_tcja_ex_pre_tcja_po_behavioral_responses_yes_other_tcja_provisions_extended_yes_year_2035_vs_current_law,Current Law,2035,-606351235830.0042
salt_15_30_k_with_phaseout_amt_pre_tcja_ex_pre_tcja_po_behavioral_responses_yes_other_tcja_provisions_extended_yes_year_2035_vs_current_policy,Current Policy,2035,11418484704.454208
salt_15_30_k_with_phaseout_amt_pre_tcja_ex_tcja_po_behavioral_responses_yes_other_tcja_provisions_extended_no_year_2035_vs_current_law,Current Law,2035,128620650826.45569
salt_15_30_k_with_phaseout_amt_pre_tcja_ex_tcja_po_behavioral_responses_yes_other_tcja_provisions_extended_no_year_2035_vs_current_policy,Current Policy,2035,755727031403.1361
salt_15_30_k_with_phaseout_amt_pre_tcja_ex_tcja_po_behavioral_responses_yes_other_tcja_provisions_extended_yes_year_2035_vs_current_law,Current Law,2035,-525914583816.16583
salt_15_30_k_with_phaseout_amt_pre_tcja_ex_tcja_po_behavioral_responses_yes_other_tcja_provisions_extended_yes_year_2035_vs_current_policy,Current Policy,2035,98495966855.50708
salt_15_30_k_with_phaseout_amt_tcja_ex_pre_tcja_po_behavioral_responses_yes_other_tcja_provisions_extended_no_year_2035_vs_current_law,Current Law,2035,124371277653.01076
salt_15_30_k_with_phaseout_amt_tcja_ex_pre_tcja_po_behavioral_responses_yes_other_tcja_provisions_extended_no_year_2035_vs_current_policy,Current Policy,2035,751534363492.021
salt_15_30_k_with_phaseout_amt_tcja_ex_pre_tcja_po_behavioral_responses_yes_other_tcja_provisions_extended_yes_year_2035_vs_current_law,Current Law,2035,-593260270345.4827
salt_15_30_k_with_phaseout_amt_tcja_ex_pre_tcja_po_behavioral_responses_yes_other_tcja_provisions_extended_yes_year_2035_vs_current_policy,Current Policy,2035,29526291831.61693
salt_15_30_k_with_phaseout_amt_tcja_both_behavioral_responses_yes_other_tcja_provisions_extended_no_year_2035_vs_current_law,Current Law,2035,131740137104.41754
salt_15_30_k_with_phaseout_amt_tcja_both_behavioral_responses_yes_other_tcja_provisions_extended_no_year_2035_vs_current_policy,Current Policy,2035,757408495334.2694
salt_15_30_k_with_phaseout_amt_tcja_both_behavioral_responses_yes_other_tcja_provisions_extended_yes_year_2035_vs_current_law,Current Law,2035,-442578790599.225
salt_15_30_k_with_phaseout_amt_tcja_both_behavioral_responses_yes_other_tcja_provisions_extended_yes_year_2035_vs_current_policy,Current Policy,2035,181777472493.35602
salt_15_30_k_without_phaseout_amt_repealed_behavioral_responses_yes_other_tcja_provisions_extended_no_year_2035_vs_current_law,Current Law,2035,71958775935.0248
salt_15_30_k_without_phaseout_amt_repealed_behavioral_responses_yes_other_tcja_provisions_extended_no_year_2035_vs_current_policy,Current Policy,2035,701240807001.0665
salt_15_30_k_without_phaseout_amt_repealed_behavioral_responses_yes_other_tcja_provisions_extended_yes_year_2035_vs_current_law,Current Law,2035,-644810956491.0243
salt_15_30_k_without_phaseout_amt_repealed_behavioral_responses_yes_other_tcja_provisions_extended_yes_year_2035_vs_current_policy,Current Policy,2035,-19454566083.33055
salt_15_30_k_without_phaseout_amt_pre_tcja_ex_pre_tcja_po_behavioral_responses_yes_other_tcja_provisions_extended_no_year_2035_vs_current_law,Current Law,2035,93014170354.74255
salt_15_30_k_without_phaseout_amt_pre_tcja_ex_pre_tcja_po_behavioral_responses_yes_other_tcja_provisions_extended_no_year_2035_vs_current_policy,Current Policy,2035,720000630229.4233
salt_15_30_k_without_phaseout_amt_pre_tcja_ex_pre_tcja_po_behavioral_responses_yes_other_tcja_provisions_extended_yes_year_2035_vs_current_law,Current Law,2035,-616487739268.1979
salt_15_30_k_without_phaseout_amt_pre_tcja_ex_pre_tcja_po_behavioral_responses_yes_other_tcja_provisions_extended_yes_year_2035_vs_current_policy,Current Policy,2035,-1.429690566999558e+16
salt_15_30_k_without_phaseout_amt_pre_tcja_ex_tcja_po_behavioral_responses_yes_other_tcja_provisions_extended_no_year_2035_vs_current_law,Current Law,2035,99277932855.38478
salt_15_30_k_without_phaseout_amt_pre_tcja_ex_tcja_po_behavioral_responses_yes_other_tcja_provisions_extended_no_year_2035_vs_current_policy,Current Policy,2035,726023499532.212
salt_15_30_k_without_phaseout_amt_pre_tcja_ex_tcja_po_behavioral_responses_yes_other_tcja_provisions_extended_yes_year_2035_vs_current_law,Current Law,2035,-537788726901.6708
salt_15_30_k_without_phaseout_amt_pre_tcja_ex_tcja_po_behavioral_responses_yes_other_tcja_provisions_extended_yes_year_2035_vs_current_policy,Current Policy,2035,86729802451.15565
salt_15_30_k_without_phaseout_amt_tcja_ex_pre_tcja_po_behavioral_responses_yes_other_tcja_provisions_extended_no_year_2035_vs_current_law,Current Law,2035,95956688268.83952
salt_15_30_k_without_phaseout_amt_tcja_ex_pre_tcja_po_behavioral_responses_yes_other_tcja_provisions_extended_no_year_2035_vs_current_policy,Current Policy,2035,722760574061.7731
salt_15_30_k_without_phaseout_amt_tcja_ex_pre_tcja_po_behavioral_responses_yes_other_tcja_provisions_extended_yes_year_2035_vs_current_law,Current Law,2035,-604221615455.4579
salt_15_30_k_without_phaseout_amt_tcja_ex_pre_tcja_po_behavioral_responses_yes_other_tcja_provisions_extended_yes_year_2035_vs_current_policy,Current Policy,2035,8917967028.587234
salt_15_30_k_without_phaseout_amt_tcja_both_behavioral_responses_yes_other_tcja_provisions_extended_no_year_2035_vs_current_law,Current Law,2035,105150422788.71864
salt_15_30_k_without_phaseout_amt_tcja_both_behavioral_responses_yes_other_tcja_provisions_extended_no_year_2035_vs_current_policy,Current Policy,2035,729977574665.6898
salt_15_30_k_without_phaseout_amt_tcja_both_behavioral_responses_yes_other_tcja_provisions_extended_yes_year_2035_vs_current_law,Current Law,2035,-455256012337.2813
salt_15_30_k_without_phaseout_amt_tcja_both_behavioral_responses_yes_other_tcja_provisions_extended_yes_year_2035_vs_current_policy,Current Policy,2035,169592903656.65012
salt_15_k_without_phaseout_amt_repealed_behavioral_responses_yes_other_tcja_provisions_extended_no_year_2035_vs_current_law,Current Law,2035,108785947117.14548
salt_15_k_without_phaseout_amt_repealed_behavioral_responses_yes_other_tcja_provisions_extended_no_year_2035_vs_current_policy,Current Policy,2035,735345732736.6082
salt_15_k_without_phaseout_amt_repealed_behavioral_responses_yes_other_tcja_provisions_extended_yes_year_2035_vs_current_law,Current Law,2035,-638917532733.3198
salt_15_k_without_phaseout_amt_repealed_behavioral_responses_yes_other_tcja_provisions_extended_yes_year_2035_vs_current_policy,Current Policy,2035,-16116894243.925537
salt_15_k_without_phaseout_amt_pre_tcja_ex_pre_tcja_po_behavioral_responses_yes_other_tcja_provisions_extended_no_year_2035_vs_current_law,Current Law,2035,127796181073.58717
salt_15_k_without_phaseout_amt_pre_tcja_ex_pre_tcja_po_behavioral_responses_yes_other_tcja_provisions_extended_no_year_2035_vs_current_policy,Current Policy,2035,753414827614.1836
salt_15_k_without_phaseout_amt_pre_tcja_ex_pre_tcja_po_behavioral_responses_yes_other_tcja_provisions_extended_yes_year_2035_vs_current_law,Current Law,2035,-610815787567.4083
salt_15_k_without_phaseout_amt_pre_tcja_ex_pre_tcja_po_behavioral_responses_yes_other_tcja_provisions_extended_yes_year_2035_vs_current_policy,Current Policy,2035,98382849162.56775
salt_15_k_without_phaseout_amt_pre_tcja_ex_tcja_po_behavioral_responses_yes_other_tcja_provisions_extended_no_year_2035_vs_current_law,Current Law,2035,133757493152.80482
salt_15_k_without_phaseout_amt_pre_tcja_ex_tcja_po_behavioral_responses_yes_other_tcja_provisions_extended_no_year_2035_vs_current_policy,Current Policy,2035,759285544237.9219
salt_15_k_without_phaseout_amt_pre_tcja_ex_tcja_po_behavioral_responses_yes_other_tcja_provisions_extended_yes_year_2035_vs_current_law,Current Law,2035,-529765521877.4718
salt_15_k_without_phaseout_amt_pre_tcja_ex_tcja_po_behavioral_responses_yes_other_tcja_provisions_extended_yes_year_2035_vs_current_policy,Current Policy,2035,94623461930.33107
salt_15_k_without_phaseout_amt_tcja_ex_pre_tcja_po_behavioral_responses_yes_other_tcja_provisions_extended_no_year_2035_vs_current_law,Current Law,2035,128620579139.46718
salt_15_k_without_phaseout_amt_tcja_ex_pre_tcja_po_behavioral_responses_yes_other_tcja_provisions_extended_no_year_2035_vs_current_policy,Current Policy,2035,754205077610.9589
salt_15_k_without_phaseout_amt_tcja_ex_pre_tcja_po_behavioral_responses_yes_other_tcja_provisions_extended_yes_year_2035_vs_current_law,Current Law,2035,-597802665865.8711
salt_15_k_without_phaseout_amt_tcja_ex_pre_tcja_po_behavioral_responses_yes_other_tcja_provisions_extended_yes_year_2035_vs_current_policy,Current Policy,2035,23845209446.908115
salt_15_k_without_phaseout_amt_tcja_both_behavioral_responses_yes_other_tcja_provisions_extended_no_year_2035_vs_current_law,Current Law,2035,134806963177.64116
salt_15_k_without_phaseout_amt_tcja_both_behavioral_responses_yes_other_tcja_provisions_extended_no_year_2035_vs_current_policy,Current Policy,2035,759624788864.7025
salt_15_k_without_phaseout_amt_tcja_both_behavioral_responses_yes_other_tcja_provisions_extended_yes_year_2035_vs_current_law,Current Law,2035,-446349248402.2524
salt_15_k_without_phaseout_amt_tcja_both_behavioral_responses_yes_other_tcja_provisions_extended_yes_year_2035_vs_current_policy,Current Policy,2035,177935148054.23444
salt_15_k_with_phaseout_amt_repealed_behavioral_responses_yes_other_tcja_provisions_extended_no_year_2035_vs_current_law,Current Law,2035,121901965490.7442
salt_15_k_with_phaseout_amt_repealed_behavioral_responses_yes_other_tcja_provisions_extended_no_year_2035_vs_current_policy,Current Policy,2035,748300828957.9763
salt_15_k_with_phaseout_amt_repealed_behavioral_responses_yes_other_tcja_provisions_extended_yes_year_2035_vs_current_law,Current Law,2035,-633645689187.3365
salt_15_k_with_phaseout_amt_repealed_behavioral_responses_yes_other_tcja_provisions_extended_yes_year_2035_vs_current_policy,Current Policy,2035,-11586076749.562374
salt_15_k_with_phaseout_amt_pre_tcja_ex_pre_tcja_po_behavioral_responses_yes_other_tcja_provisions_extended_no_year_2035_vs_current_law,Current Law,2035,140034415999.1489
salt_15_k_with_phaseout_amt_pre_tcja_ex_pre_tcja_po_behavioral_responses_yes_other_tcja_provisions_extended_no_year_2035_vs_current_policy,Current Policy,2035,765644403363.7211
salt_15_k_with_phaseout_amt_pre_tcja_ex_pre_tcja_po_behavioral_responses_yes_other_tcja_provisions_extended_yes_year_2035_vs_current_law,Current Law,2035,-605499163594.7655
salt_15_k_with_phaseout_amt_pre_tcja_ex_pre_tcja_po_behavioral_responses_yes_other_tcja_provisions_extended_yes_year_2035_vs_current_policy,Current Policy,2035,16004332487.564472
salt_15_k_with_phaseout_amt_pre_tcja_ex_tcja_po_behavioral_responses_yes_other_tcja_provisions_extended_no_year_2035_vs_current_law,Current Law,2035,145003937341.6737
salt_15_k_with_phaseout_amt_pre_tcja_ex_tcja_po_behavioral_responses_yes_other_tcja_provisions_extended_no_year_2035_vs_current_policy,Current Policy,2035,770585176814.4034
salt_15_k_with_phaseout_amt_pre_tcja_ex_tcja_po_behavioral_responses_yes_other_tcja_provisions_extended_yes_year_2035_vs_current_law,Current Law,2035,-525080899618.2544
salt_15_k_with_phaseout_amt_pre_tcja_ex_tcja_po_behavioral_responses_yes_other_tcja_provisions_extended_yes_year_2035_vs_current_policy,Current Policy,2035,99327205157.81793
salt_15_k_with_phaseout_amt_tcja_ex_pre_tcja_po_behavioral_responses_yes_other_tcja_provisions_extended_no_year_2035_vs_current_law,Current Law,2035,140799057059.82068
salt_15_k_with_phaseout_amt_tcja_ex_pre_tcja_po_behavioral_responses_yes_other_tcja_provisions_extended_no_year_2035_vs_current_policy,Current Policy,2035,766390821685.145
salt_15_k_with_phaseout_amt_tcja_ex_pre_tcja_po_behavioral_responses_yes_other_tcja_provisions_extended_yes_year_2035_vs_current_law,Current Law,2035,-592407577029.6351
salt_15_k_with_phaseout_amt_tcja_ex_pre_tcja_po_behavioral_responses_yes_other_tcja_provisions_extended_yes_year_2035_vs_current_policy,Current Policy,2035,31225963502.31482
salt_15_k_with_phaseout_amt_tcja_both_behavioral_responses_yes_other_tcja_provisions_extended_no_year_2035_vs_current_law,Current Law,2035,147255010521.81952
salt_15_k_with_phaseout_amt_tcja_both_behavioral_responses_yes_other_tcja_provisions_extended_no_year_2035_vs_current_policy,Current Policy,2035,772124187541.1715
salt_15_k_with_phaseout_amt_tcja_both_behavioral_responses_yes_other_tcja_provisions_extended_yes_year_2035_vs_current_law,Current Law,2035,-440278026078.3502
salt_15_k_with_phaseout_amt_tcja_both_behavioral_responses_yes_other_tcja_provisions_extended_yes_year_2035_vs_current_policy,Current Policy,2035,183939342331.1578
salt_tcja_married_bonus_and_phase_out_amt_repealed_behavioral_responses_yes_other_tcja_provisions_extended_no_year_2035_vs_current_law,Current Law,2035,121520381886.25198
salt_tcja_married_bonus_and_phase_out_amt_repealed_behavioral_responses_yes_other_tcja_provisions_extended_no_year_2035_vs_current_policy,Current Policy,2035,748236900884.9409
salt_tcja_married_bonus_and_phase_out_amt_repealed_behavioral_responses_yes_other_tcja_provisions_extended_yes_year_2035_vs_current_law,Current Law,2035,-633921727711.7742
salt_tcja_married_bonus_and_phase_out_amt_repealed_behavioral_responses_yes_other_tcja_provisions_extended_yes_year_2035_vs_current_policy,Current Policy,2035,-11709989727.709959
salt_tcja_married_bonus_and_phase_out_amt_pre_tcja_ex_pre_tcja_po_behavioral_responses_yes_other_tcja_provisions_extended_no_year_2035_vs_current_law,Current Law,2035,140629489599.94232
salt_tcja_married_bonus_and_phase_out_amt_pre_tcja_ex_pre_tcja_po_behavioral_responses_yes_other_tcja_provisions_extended_no_year_2035_vs_current_policy,Current Policy,2035,766469746347.6364
salt_tcja_married_bonus_and_phase_out_amt_pre_tcja_ex_pre_tcja_po_behavioral_responses_yes_other_tcja_provisions_extended_yes_year_2035_vs_current_law,Current Law,2035,-605604901912.1567
salt_tcja_married_bonus_and_phase_out_amt_pre_tcja_ex_pre_tcja_po_behavioral_responses_yes_other_tcja_provisions_extended_yes_year_2035_vs_current_policy,Current Policy,2035,15383408659.987654
salt_tcja_married_bonus_and_phase_out_amt_pre_tcja_ex_tcja_po_behavioral_responses_yes_other_tcja_provisions_extended_no_year_2035_vs_current_law,Current Law,2035,145606315907.05075
salt_tcja_married_bonus_and_phase_out_amt_pre_tcja_ex_tcja_po_behavioral_responses_yes_other_tcja_provisions_extended_no_year_2035_vs_current_policy,Current Policy,2035,771410389458.644
salt_tcja_married_bonus_and_phase_out_amt_pre_tcja_ex_tcja_po_behavioral_responses_yes_other_tcja_provisions_extended_yes_year_2035_vs_current_law,Current Law,2035,-525360934991.0723
salt_tcja_married_bonus_and_phase_out_amt_pre_tcja_ex_tcja_po_behavioral_responses_yes_other_tcja_provisions_extended_yes_year_2035_vs_current_policy,Current Policy,2035,99042272716.3964
salt_tcja_married_bonus_and_phase_out_amt_tcja_ex_pre_tcja_po_behavioral_responses_yes_other_tcja_provisions_extended_no_year_2035_vs_current_law,Current Law,2035,140519744957.79333
salt_tcja_married_bonus_and_phase_out_amt_tcja_ex_pre_tcja_po_behavioral_responses_yes_other_tcja_provisions_extended_no_year_2035_vs_current_policy,Current Policy,2035,766336213296.8333
salt_tcja_married_bonus_and_phase_out_amt_tcja_ex_pre_tcja_po_behavioral_responses_yes_other_tcja_provisions_extended_yes_year_2035_vs_current_law,Current Law,2035,-592684389300.116
salt_tcja_married_bonus_and_phase_out_amt_tcja_ex_pre_tcja_po_behavioral_responses_yes_other_tcja_provisions_extended_yes_year_2035_vs_current_policy,Current Policy,2035,30686628428.6698
salt_tcja_married_bonus_and_phase_out_amt_tcja_both_behavioral_responses_yes_other_tcja_provisions_extended_no_year_2035_vs_current_law,Current Law,2035,145976023481.64697
salt_tcja_married_bonus_and_phase_out_amt_tcja_both_behavioral_responses_yes_other_tcja_provisions_extended_no_year_2035_vs_current_policy,Current Policy,2035,771047082905.2213
salt_tcja_married_bonus_and_phase_out_amt_tcja_both_behavioral_responses_yes_other_tcja_provisions_extended_yes_year_2035_vs_current_law,Current Law,2035,-440561916255.7504
salt_tcja_married_bonus_and_phase_out_amt_tcja_both_behavioral_responses_yes_other_tcja_provisions_extended_yes_year_2035_vs_current_policy,Current Policy,2035,183668532733.0551
salt_uncapped_amt_repealed_behavioral_responses_yes_other_tcja_provisions_extended_no_year_2035_vs_current_law,Current Law,2035,-83253255315.06143
salt_uncapped_amt_repealed_behavioral_responses_yes_other_tcja_provisions_extended_no_year_2035_vs_current_policy,Current Policy,2035,540272507782.40564
salt_uncapped_amt_repealed_behavioral_responses_yes_other_tcja_provisions_extended_yes_year_2035_vs_current_law,Current Law,2035,-788005377758.7909
salt_uncapped_amt_repealed_behavioral_responses_yes_other_tcja_provisions_extended_yes_year_2035_vs_current_policy,Current Policy,2035,-101581842933.42268
salt_uncapped_amt_pre_tcja_ex_pre_tcja_po_behavioral_responses_yes_other_tcja_provisions_extended_no_year_2035_vs_current_law,Current Law,2035,-46952116933.89345
salt_uncapped_amt_pre_tcja_ex_pre_tcja_po_behavioral_responses_yes_other_tcja_provisions_extended_no_year_2035_vs_current_policy,Current Policy,2035,577201008839.0168
salt_uncapped_amt_pre_tcja_ex_pre_tcja_po_behavioral_responses_yes_other_tcja_provisions_extended_yes_year_2035_vs_current_law,Current Law,2035,-733786203621.7657
salt_uncapped_amt_pre_tcja_ex_pre_tcja_po_behavioral_responses_yes_other_tcja_provisions_extended_yes_year_2035_vs_current_policy,Current Policy,2035,-2.3420212383327018e+17
salt_uncapped_amt_pre_tcja_ex_tcja_po_behavioral_responses_yes_other_tcja_provisions_extended_no_year_2035_vs_current_law,Current Law,2035,-32420093708.861057
salt_uncapped_amt_pre_tcja_ex_tcja_po_behavioral_responses_yes_other_tcja_provisions_extended_no_year_2035_vs_current_policy,Current Policy,2035,591472681289.4657
salt_uncapped_amt_pre_tcja_ex_tcja_po_behavioral_responses_yes_other_tcja_provisions_extended_yes_year_2035_vs_current_law,Current Law,2035,-631284733163.9207
salt_uncapped_amt_pre_tcja_ex_tcja_po_behavioral_responses_yes_other_tcja_provisions_extended_yes_year_2035_vs_current_policy,Current Policy,2035,-4969875356.551029
salt_uncapped_amt_tcja_ex_pre_tcja_po_behavioral_responses_yes_other_tcja_provisions_extended_no_year_2035_vs_current_law,Current Law,2035,-45719111470.49291
salt_uncapped_amt_tcja_ex_pre_tcja_po_behavioral_responses_yes_other_tcja_provisions_extended_no_year_2035_vs_current_policy,Current Policy,2035,578424506057.1024
salt_uncapped_amt_tcja_ex_pre_tcja_po_behavioral_responses_yes_other_tcja_provisions_extended_yes_year_2035_vs_current_law,Current Law,2035,-710224298306.2905
salt_uncapped_amt_tcja_ex_pre_tcja_po_behavioral_responses_yes_other_tcja_provisions_extended_yes_year_2035_vs_current_policy,Current Policy,2035,-229736436524.60785
salt_uncapped_amt_tcja_both_behavioral_responses_yes_other_tcja_provisions_extended_no_year_2035_vs_current_law,Current Law,2035,0
salt_uncapped_amt_tcja_both_behavioral_responses_yes_other_tcja_provisions_extended_no_year_2035_vs_current_policy,Current Policy,2035,609450257420.5892
salt_uncapped_amt_tcja_both_behavioral_responses_yes_other_tcja_provisions_extended_yes_year_2035_vs_current_law,Current Law,2035,-546781626555.45544
salt_uncapped_amt_tcja_both_behavioral_responses_yes_other_tcja_provisions_extended_yes_year_2035_vs_current_policy,Current Policy,2035,84151506040.22641
salt_uncapped_with_phaseout_amt_repealed_behavioral_responses_yes_other_tcja_provisions_extended_no_year_2035_vs_current_law,Current Law,2035,68207563330.828384
salt_uncapped_with_phaseout_amt_repealed_behavioral_responses_yes_other_tcja_provisions_extended_no_year_2035_vs_current_policy,Current Policy,2035,697668184101.8192
salt_uncapped_with_phaseout_amt_repealed_behavioral_responses_yes_other_tcja_provisions_extended_yes_year_2035_vs_current_law,Current Law,2035,-653594085394.622
salt_uncapped_with_phaseout_amt_repealed_behavioral_responses_yes_other_tcja_provisions_extended_yes_year_2035_vs_current_policy,Current Policy,2035,-21496867398.11414
salt_uncapped_with_phaseout_amt_pre_tcja_ex_pre_tcja_po_behavioral_responses_yes_other_tcja_provisions_extended_no_year_2035_vs_current_law,Current Law,2035,88309043058.21808
salt_uncapped_with_phaseout_amt_pre_tcja_ex_pre_tcja_po_behavioral_responses_yes_other_tcja_provisions_extended_no_year_2035_vs_current_policy,Current Policy,2035,715549219846.5936
salt_uncapped_with_phaseout_amt_pre_tcja_ex_pre_tcja_po_behavioral_responses_yes_other_tcja_provisions_extended_yes_year_2035_vs_current_law,Current Law,2035,-624790857737.0151
salt_uncapped_with_phaseout_amt_pre_tcja_ex_pre_tcja_po_behavioral_responses_yes_other_tcja_provisions_extended_yes_year_2035_vs_current_policy,Current Policy,2035,-91572598593.96716
salt_uncapped_with_phaseout_amt_pre_tcja_ex_tcja_po_behavioral_responses_yes_other_tcja_provisions_extended_no_year_2035_vs_current_law,Current Law,2035,93343629853.63991
salt_uncapped_with_phaseout_amt_pre_tcja_ex_tcja_po_behavioral_responses_yes_other_tcja_provisions_extended_no_year_2035_vs_current_policy,Current Policy,2035,720198134503.2113
salt_uncapped_with_phaseout_amt_pre_tcja_ex_tcja_po_behavioral_responses_yes_other_tcja_provisions_extended_yes_year_2035_vs_current_law,Current Law,2035,-541761788898.2752
salt_uncapped_with_phaseout_amt_pre_tcja_ex_tcja_po_behavioral_responses_yes_other_tcja_provisions_extended_yes_year_2035_vs_current_policy,Current Policy,2035,82858816584.60939
salt_uncapped_with_phaseout_amt_tcja_ex_pre_tcja_po_behavioral_responses_yes_other_tcja_provisions_extended_no_year_2035_vs_current_law,Current Law,2035,91166613170.02316
salt_uncapped_with_phaseout_amt_tcja_ex_pre_tcja_po_behavioral_responses_yes_other_tcja_provisions_extended_no_year_2035_vs_current_policy,Current Policy,2035,718268214372.7976
salt_uncapped_with_phaseout_amt_tcja_ex_pre_tcja_po_behavioral_responses_yes_other_tcja_provisions_extended_yes_year_2035_vs_current_law,Current Law,2035,-609203799535.202
salt_uncapped_with_phaseout_amt_tcja_ex_pre_tcja_po_behavioral_responses_yes_other_tcja_provisions_extended_yes_year_2035_vs_current_policy,Current Policy,2035,-2958126931.3821754
salt_uncapped_with_phaseout_amt_tcja_both_behavioral_responses_yes_other_tcja_provisions_extended_no_year_2035_vs_current_law,Current Law,2035,102410719794.09108
salt_uncapped_with_phaseout_amt_tcja_both_behavioral_responses_yes_other_tcja_provisions_extended_no_year_2035_vs_current_policy,Current Policy,2035,727378126050.0652
salt_uncapped_with_phaseout_amt_tcja_both_behavioral_responses_yes_other_tcja_provisions_extended_yes_year_2035_vs_current_law,Current Law,2035,-456025966308.3246
salt_uncapped_with_phaseout_amt_tcja_both_behavioral_responses_yes_other_tcja_provisions_extended_yes_year_2035_vs_current_policy,Current Policy,2035,169169645756.52972
